agent_id,belief,belief_price_gap,market_price,timestep
agent_kelly,0.56,0.018000000000000016,0.542,0
agent_llm,0.58,0.03799999999999992,0.542,0
agent_kelly,0.5,0.016800000000000037,0.5168,1
agent_llm,0.49999999999999994,0.016800000000000093,0.5168,1
agent_kelly,0.56,0.011280000000000068,0.54872,2
agent_llm,0.58,0.031279999999999974,0.54872,2
agent_kelly,0.5,0.01948799999999995,0.519488,3
agent_llm,0.49999999999999994,0.019488000000000005,0.519488,3
agent_kelly,0.56,0.010204800000000125,0.5497951999999999,4
agent_llm,0.58,0.03020480000000003,0.5497951999999999,4
agent_kelly,0.6200000000000001,0.019143360000000165,0.6008566399999999,5
agent_llm,0.6599999999999999,0.05914335999999998,0.6008566399999999,5
agent_kelly,0.56,0.02234265599999996,0.582342656,6
agent_llm,0.58,0.002342656000000054,0.582342656,6
agent_kelly,0.6200000000000001,0.003062937600000093,0.6169370624,7
agent_llm,0.6599999999999999,0.043062937599999906,0.6169370624,7
agent_kelly,0.6800000000000002,0.014144056320000153,0.66585594368,8
agent_llm,0.7399999999999999,0.07414405631999987,0.66585594368,8
agent_kelly,0.7400000000000002,0.021900839424000118,0.7180991605760001,9
agent_llm,0.8199999999999998,0.10190083942399975,0.7180991605760001,9
agent_kelly,0.6800000000000002,0.03323966423039992,0.7132396642304001,10
agent_llm,0.7399999999999999,0.026760335769599797,0.7132396642304001,10
agent_kelly,0.7400000000000002,0.011267764961279902,0.7512677649612801,11
agent_llm,0.8199999999999998,0.06873223503871972,0.7512677649612801,11
agent_kelly,0.8000000000000003,0.004112564527104068,0.7958874354728962,12
agent_llm,0.8999999999999998,0.1041125645271036,0.7958874354728962,12
agent_kelly,0.7400000000000002,0.04635497418915824,0.7863549741891585,13
agent_llm,0.8199999999999998,0.03364502581084139,0.7863549741891585,13
agent_kelly,0.6800000000000002,0.062448481932410704,0.7424484819324109,14
agent_llm,0.7399999999999999,0.002448481932410984,0.7424484819324109,14
agent_kelly,0.7400000000000002,0.025713937352687344,0.7657139373526876,15
agent_llm,0.8199999999999998,0.05428606264731228,0.7657139373526876,15
agent_kelly,0.6800000000000002,0.052285574941074886,0.732285574941075,16
agent_llm,0.7399999999999999,0.007714425058924834,0.732285574941075,16
agent_kelly,0.6200000000000001,0.06059990245875235,0.6805999024587525,17
agent_llm,0.6599999999999999,0.02059990245875254,0.6805999024587525,17
agent_kelly,0.6800000000000002,0.018419931721126548,0.6984199317211267,18
agent_llm,0.7399999999999999,0.04158006827887317,0.6984199317211267,18
agent_kelly,0.6200000000000001,0.04336797268845061,0.6633679726884507,19
agent_llm,0.6599999999999999,0.0033679726884507932,0.6633679726884507,19
